{"mass_plot": {"Bkg": [0.0, 4.1849999999999994e-05, 0.00043985, 0.00112785, 0.0017249000000000001, 0.0020162, 0.0017278, 0.00121155, 0.0007622499999999999, 0.000426, 0.0002432, 0.0001216, 7.04e-05, 4.0650000000000006e-05, 2.22e-05, 9.95e-06, 5.500000000000001e-06, 3.55e-06, 2.2e-06, 1.2e-06, 8e-07, 2e-07, 1.5e-07, 5e-08, 0.0, 5e-08, 0.0, 0.0, 5e-08, 0.0, 0.0, 0.0, 0.0, 0.0, 0.0, 0.0, 0.0, 0.0, 0.0, 0.0], "bins": [0.0, 100.0, 200.0, 300.0, 400.0, 500.0, 600.0, 700.0, 800.0, 900.0, 1000.0, 1100.0, 1200.0, 1300.0, 1400.0, 1500.0, 1600.0, 1700.0, 1800.0, 1900.0, 2000.0, 2100.0, 2200.0, 2300.0, 2400.0, 2500.0, 2600.0, 2700.0, 2800.0, 2900.0, 3000.0, 3100.0, 3200.0, 3300.0, 3400.0, 3500.0, 3600.0, 3700.0, 3800.0, 3900.0, 4000.0], "GG_qSq_1500_700": [0.0, 0.0, 0.0, 0.0, 1e-06, 1e-06, 7.000000000000001e-06, 2.7000000000000002e-05, 5.9e-05, 0.00018, 0.00042699999999999997, 0.000714, 0.001085, 0.001376, 0.001509, 0.001333, 0.0010890000000000001, 0.0007099999999999999, 0.000512, 0.000349, 0.000246, 0.00015, 9.4e-05, 6.1e-05, 3.2e-05, 1.9e-05, 1.3000000000000001e-05, 1e-06, 1e-06, 1e-06, 0.0, 1e-06, 1e-06, 1e-06, 0.0, 0.0, 0.0, 0.0, 0.0, 0.0], "GG_qqN1_1500_1000": [0.0, 0.0, 0.0, 0.0, 0.0, 0.0, 1e-06, 6e-06, 1.8e-05, 6.7e-05, 0.00027400000000000005, 0.000637, 0.001206, 0.001761, 0.001707, 0.001395, 0.001008, 0.000711, 0.00047300000000000006, 0.000251, 0.000194, 0.000103, 9.2e-05, 4.1e-05, 2.2e-05, 1.1e-05, 5e-06, 6e-06, 5e-06, 2e-06, 3e-06, 1e-06, 0.0, 0.0, 0.0, 0.0, 0.0, 0.0, 0.0, 0.0], "TT_tN1_1500_1000": [0.0, 0.0, 0.0, 0.0, 0.0, 0.0, 0.0, 3e-06, 1.1e-05, 9.1e-05, 0.00022, 0.000598, 0.001046, 0.001503, 0.0016699999999999998, 0.001433, 0.001112, 0.000817, 0.000542, 0.00034700000000000003, 0.00022400000000000002, 0.000156, 7.099999999999999e-05, 5.2000000000000004e-05, 3.2e-05, 1.9e-05, 2.5e-05, 1.4000000000000001e-05, 3e-06, 5e-06, 2e-06, 2e-06, 1e-06, 0.0, 1e-06, 0.0, 0.0, 0.0, 0.0, 0.0], "SqSq_TV_2000_1000": [0.0, 0.0, 0.0, 0.0, 0.0, 0.0, 0.0, 1.0003000900270082e-06, 2.0006001800540163e-06, 5.001500450135041e-06, 2.6007802340702212e-05, 4.601380414124237e-05, 9.702910873261979e-05, 0.0002110633189956987, 0.0003260978293488046, 0.0005711713514054217, 0.0008412523757127138, 0.0010793237971391417, 0.0011833550065019505, 0.0013093928178453537, 0.001128338501550465, 0.0009552865859757928, 0.0006902070621186356, 0.00048814644393317994, 0.00031709512853856156, 0.0002560768230469141, 0.00018105431629488847, 9.802940882264679e-05, 5.3015904771431434e-05, 4.601380414124237e-05, 2.6007802340702212e-05, 1.500450135040512e-05, 1.9005701710513153e-05, 1.3003901170351106e-05, 5.001500450135041e-06, 2.0006001800540163e-06, 2.0006001800540163e-06, 4.001200360108033e-06, 1.0003000900270082e-06, 1.0003000900270082e-06], "SqSq_qN1_2000_1000": [0.0, 0.0, 0.0, 0.0, 0.0, 0.0, 0.0, 0.0, 0.0, 1.0004001600640257e-06, 5.0020008003201286e-06, 3.5014005602240894e-05, 6.802721088435375e-05, 0.00017406962785114047, 0.00028011204481792715, 0.0005852340936374549, 0.0008263305322128851, 0.0010364145658263305, 0.0012134853941576631, 0.0013805522208883555, 0.0012274909963985593, 0.0009273709483793517, 0.0006702681072428972, 0.0005222088835534213, 0.00034813925570228093, 0.00021608643457382955, 0.00015506202480992397, 9.303721488595439e-05, 6.902761104441776e-05, 5.8023209283713484e-05, 3.601440576230492e-05, 2.4009603841536614e-05, 1.600640256102441e-05, 1.1004401760704281e-05, 7.00280112044818e-06, 7.00280112044818e-06, 3.001200480192077e-06, 2.0008003201280513e-06, 1.0004001600640257e-06, 1.0004001600640257e-06]}, "compare_plot": {"bins": [0.0, 100.0, 200.0, 300.0, 400.0, 500.0, 600.0, 700.0, 800.0, 900.0, 1000.0, 1100.0, 1200.0, 1300.0, 1400.0, 1500.0, 1600.0, 1700.0, 1800.0, 1900.0, 2000.0, 2100.0, 2200.0, 2300.0, 2400.0, 2500.0, 2600.0, 2700.0, 2800.0, 2900.0, 3000.0, 3100.0, 3200.0, 3300.0, 3400.0, 3500.0, 3600.0, 3700.0, 3800.0, 3900.0, 4000.0], "Bkg": [0.0, 4.1849999999999994e-05, 0.00043985, 0.00112785, 0.0017249000000000001, 0.0020162, 0.0017278, 0.00121155, 0.0007622499999999999, 0.000426, 0.0002432, 0.0001216, 7.04e-05, 4.0650000000000006e-05, 2.22e-05, 9.95e-06, 5.500000000000001e-06, 3.55e-06, 2.2e-06, 1.2e-06, 8e-07, 2e-07, 1.5e-07, 5e-08, 0.0, 5e-08, 0.0, 0.0, 5e-08, 0.0, 0.0, 0.0, 0.0, 0.0, 0.0, 0.0, 0.0, 0.0, 0.0, 0.0], "Bkg_firstlayer": [0.0, 2.415e-05, 0.0003007, 0.00090415, 0.00153055, 0.0019259000000000001, 0.0018204, 0.0013904, 0.00090975, 0.00053215, 0.00030425, 0.00016145, 8.494999999999999e-05, 5.25e-05, 2.7400000000000002e-05, 1.425e-05, 7.1e-06, 3.75e-06, 3.2500000000000002e-06, 1.5e-06, 7.000000000000001e-07, 2.5e-07, 3e-07, 1e-07, 0.0, 0.0, 5e-08, 0.0, 0.0, 5e-08, 0.0, 0.0, 0.0, 0.0, 0.0, 0.0, 0.0, 0.0, 0.0, 0.0], "TT_tN1_1500_1000": [0.0, 0.0, 0.0, 0.0, 0.0, 0.0, 0.0, 3e-06, 1.1e-05, 9.1e-05, 0.00022, 0.000598, 0.001046, 0.001503, 0.0016699999999999998, 0.001433, 0.001112, 0.000817, 0.000542, 0.00034700000000000003, 0.00022400000000000002, 0.000156, 7.099999999999999e-05, 5.2000000000000004e-05, 3.2e-05, 1.9e-05, 2.5e-05, 1.4000000000000001e-05, 3e-06, 5e-06, 2e-06, 2e-06, 1e-06, 0.0, 1e-06, 0.0, 0.0, 0.0, 0.0, 0.0], "TT_tN1_1500_1000_firstlayer": [0.0, 0.0, 0.0, 0.0, 0.0, 1e-06, 5e-06, 1.4999999999999999e-05, 5.5e-05, 0.00011399999999999999, 0.000262, 0.000541, 0.000822, 0.0011480000000000001, 0.001325, 0.001398, 0.001201, 0.000968, 0.000714, 0.0005139999999999999, 0.00032599999999999996, 0.000218, 0.000121, 9.2e-05, 5.6999999999999996e-05, 4.5e-05, 1.4999999999999999e-05, 1.2e-05, 1.2e-05, 7.000000000000001e-06, 5e-06, 3e-06, 2e-06, 2e-06, 0.0, 0.0, 0.0, 0.0, 0.0, 0.0], "Bkg_minasym": [0.0, 1.6519772539019236e-06, 3.704151814382905e-05, 0.00015917149850624027, 0.0003384226641972321, 0.0005043184081454113, 0.0006355458970469161, 0.0007229843550773871, 0.0007637719061490781, 0.0007623293344625722, 0.0007324076056102077, 0.000702858153322103, 0.0006375236162945452, 0.0005817053989408731, 0.0005111124554431487, 0.0004577373030424302, 0.00039707949035338355, 0.0003372127653633885, 0.0003008227312070137, 0.0002580574608876935, 0.0002207134680354035, 0.00018599867841819688, 0.00015375022103921002, 0.00012785373253790242, 0.00010763446164155351, 8.62518264818934e-05, 6.66142377172001e-05, 5.2188520852141056e-05, 4.157863877074279e-05, 3.138756782413655e-05, 2.3267285266224277e-05, 1.7101454670674843e-05, 1.2820274181689577e-05, 9.865328952879094e-06, 7.143056576730853e-06, 4.793060764842202e-06, 3.4668255046674173e-06, 2.6059359498171193e-06, 2.094055673960185e-06, 1.1168296927787652e-06], "TT_tN1_1500_1000_minasym": [0.0, 0.0, 0.0, 0.0, 0.0, 0.0, 0.0, 1e-06, 2e-06, 1e-05, 2.9999999999999997e-05, 9.300000000000001e-05, 0.000293, 0.000606, 0.000958, 0.001268, 0.001306, 0.001158, 0.001021, 0.000825, 0.00065, 0.000472, 0.000367, 0.000307, 0.00017900000000000001, 0.000148, 9.300000000000001e-05, 7.3e-05, 4.8e-05, 2.4e-05, 1.7e-05, 1.6e-05, 1.2e-05, 8e-06, 6e-06, 6e-06, 2e-06, 1e-06, 0.0, 0.0]}}