{"mass_plot": {"Bkg": [0.0, 4.1849999999999994e-05, 0.00043985, 0.00112785, 0.0017249000000000001, 0.0020162, 0.0017278, 0.00121155, 0.0007622499999999999, 0.000426, 0.0002432, 0.0001216, 7.04e-05, 4.0650000000000006e-05, 2.22e-05, 9.95e-06, 5.500000000000001e-06, 3.55e-06, 2.2e-06, 1.2e-06, 8e-07, 2e-07, 1.5e-07, 5e-08, 0.0, 5e-08, 0.0, 0.0, 5e-08, 0.0, 0.0, 0.0, 0.0, 0.0, 0.0, 0.0, 0.0, 0.0, 0.0, 0.0], "bins": [0.0, 100.0, 200.0, 300.0, 400.0, 500.0, 600.0, 700.0, 800.0, 900.0, 1000.0, 1100.0, 1200.0, 1300.0, 1400.0, 1500.0, 1600.0, 1700.0, 1800.0, 1900.0, 2000.0, 2100.0, 2200.0, 2300.0, 2400.0, 2500.0, 2600.0, 2700.0, 2800.0, 2900.0, 3000.0, 3100.0, 3200.0, 3300.0, 3400.0, 3500.0, 3600.0, 3700.0, 3800.0, 3900.0, 4000.0], "GG_qSq_1500_700": [0.0, 0.0, 0.0, 0.0, 1e-06, 1e-06, 7.000000000000001e-06, 2.7000000000000002e-05, 5.9e-05, 0.00018, 0.00042699999999999997, 0.000714, 0.001085, 0.001376, 0.001509, 0.001333, 0.0010890000000000001, 0.0007099999999999999, 0.000512, 0.000349, 0.000246, 0.00015, 9.4e-05, 6.1e-05, 3.2e-05, 1.9e-05, 1.3000000000000001e-05, 1e-06, 1e-06, 1e-06, 0.0, 1e-06, 1e-06, 1e-06, 0.0, 0.0, 0.0, 0.0, 0.0, 0.0], "GG_qqN1_1500_1000": [0.0, 0.0, 0.0, 0.0, 0.0, 0.0, 1e-06, 6e-06, 1.8e-05, 6.7e-05, 0.00027400000000000005, 0.000637, 0.001206, 0.001761, 0.001707, 0.001395, 0.001008, 0.000711, 0.00047300000000000006, 0.000251, 0.000194, 0.000103, 9.2e-05, 4.1e-05, 2.2e-05, 1.1e-05, 5e-06, 6e-06, 5e-06, 2e-06, 3e-06, 1e-06, 0.0, 0.0, 0.0, 0.0, 0.0, 0.0, 0.0, 0.0], "TT_tN1_1500_1000": [0.0, 0.0, 0.0, 0.0, 0.0, 0.0, 0.0, 3e-06, 1.1e-05, 9.1e-05, 0.00022, 0.000598, 0.001046, 0.001503, 0.0016699999999999998, 0.001433, 0.001112, 0.000817, 0.000542, 0.00034700000000000003, 0.00022400000000000002, 0.000156, 7.099999999999999e-05, 5.2000000000000004e-05, 3.2e-05, 1.9e-05, 2.5e-05, 1.4000000000000001e-05, 3e-06, 5e-06, 2e-06, 2e-06, 1e-06, 0.0, 1e-06, 0.0, 0.0, 0.0, 0.0, 0.0], "SqSq_TV_2000_1000": [0.0, 0.0, 0.0, 0.0, 0.0, 0.0, 0.0, 1.0003000900270082e-06, 2.0006001800540163e-06, 5.001500450135041e-06, 2.6007802340702212e-05, 4.601380414124237e-05, 9.702910873261979e-05, 0.0002110633189956987, 0.0003260978293488046, 0.0005711713514054217, 0.0008412523757127138, 0.0010793237971391417, 0.0011833550065019505, 0.0013093928178453537, 0.001128338501550465, 0.0009552865859757928, 0.0006902070621186356, 0.00048814644393317994, 0.00031709512853856156, 0.0002560768230469141, 0.00018105431629488847, 9.802940882264679e-05, 5.3015904771431434e-05, 4.601380414124237e-05, 2.6007802340702212e-05, 1.500450135040512e-05, 1.9005701710513153e-05, 1.3003901170351106e-05, 5.001500450135041e-06, 2.0006001800540163e-06, 2.0006001800540163e-06, 4.001200360108033e-06, 1.0003000900270082e-06, 1.0003000900270082e-06], "SqSq_qN1_2000_1000": [0.0, 0.0, 0.0, 0.0, 0.0, 0.0, 0.0, 0.0, 0.0, 1.0004001600640257e-06, 5.0020008003201286e-06, 3.5014005602240894e-05, 6.802721088435375e-05, 0.00017406962785114047, 0.00028011204481792715, 0.0005852340936374549, 0.0008263305322128851, 0.0010364145658263305, 0.0012134853941576631, 0.0013805522208883555, 0.0012274909963985593, 0.0009273709483793517, 0.0006702681072428972, 0.0005222088835534213, 0.00034813925570228093, 0.00021608643457382955, 0.00015506202480992397, 9.303721488595439e-05, 6.902761104441776e-05, 5.8023209283713484e-05, 3.601440576230492e-05, 2.4009603841536614e-05, 1.600640256102441e-05, 1.1004401760704281e-05, 7.00280112044818e-06, 7.00280112044818e-06, 3.001200480192077e-06, 2.0008003201280513e-06, 1.0004001600640257e-06, 1.0004001600640257e-06]}, "compare_plot": {"bins": [0.0, 100.0, 200.0, 300.0, 400.0, 500.0, 600.0, 700.0, 800.0, 900.0, 1000.0, 1100.0, 1200.0, 1300.0, 1400.0, 1500.0, 1600.0, 1700.0, 1800.0, 1900.0, 2000.0, 2100.0, 2200.0, 2300.0, 2400.0, 2500.0, 2600.0, 2700.0, 2800.0, 2900.0, 3000.0, 3100.0, 3200.0, 3300.0, 3400.0, 3500.0, 3600.0, 3700.0, 3800.0, 3900.0, 4000.0], "Bkg": [0.0, 4.1849999999999994e-05, 0.00043985, 0.00112785, 0.0017249000000000001, 0.0020162, 0.0017278, 0.00121155, 0.0007622499999999999, 0.000426, 0.0002432, 0.0001216, 7.04e-05, 4.0650000000000006e-05, 2.22e-05, 9.95e-06, 5.500000000000001e-06, 3.55e-06, 2.2e-06, 1.2e-06, 8e-07, 2e-07, 1.5e-07, 5e-08, 0.0, 5e-08, 0.0, 0.0, 5e-08, 0.0, 0.0, 0.0, 0.0, 0.0, 0.0, 0.0, 0.0, 0.0, 0.0, 0.0], "Bkg_firstlayer": [0.0, 2.455e-05, 0.00029835, 0.0009084000000000001, 0.0015231, 0.00193255, 0.0018272999999999998, 0.00138065, 0.0009099500000000001, 0.00053385, 0.00030524999999999997, 0.0001581, 8.865e-05, 5.04e-05, 2.75e-05, 1.415e-05, 6.899999999999999e-06, 4.65e-06, 2.7500000000000004e-06, 1.25e-06, 9.5e-07, 4.5e-07, 1e-07, 5e-08, 5e-08, 5e-08, 0.0, 0.0, 5e-08, 0.0, 0.0, 0.0, 0.0, 0.0, 0.0, 0.0, 0.0, 0.0, 0.0, 0.0], "TT_tN1_1500_1000": [0.0, 0.0, 0.0, 0.0, 0.0, 0.0, 0.0, 3e-06, 1.1e-05, 9.1e-05, 0.00022, 0.000598, 0.001046, 0.001503, 0.0016699999999999998, 0.001433, 0.001112, 0.000817, 0.000542, 0.00034700000000000003, 0.00022400000000000002, 0.000156, 7.099999999999999e-05, 5.2000000000000004e-05, 3.2e-05, 1.9e-05, 2.5e-05, 1.4000000000000001e-05, 3e-06, 5e-06, 2e-06, 2e-06, 1e-06, 0.0, 1e-06, 0.0, 0.0, 0.0, 0.0, 0.0], "TT_tN1_1500_1000_firstlayer": [0.0, 0.0, 0.0, 0.0, 1e-06, 0.0, 2e-06, 1.8e-05, 5.1e-05, 0.000127, 0.000277, 0.000522, 0.000792, 0.001113, 0.001353, 0.001385, 0.001186, 0.000951, 0.000768, 0.0005059999999999999, 0.000334, 0.000227, 0.00015, 8.7e-05, 4.6e-05, 4.6e-05, 2.3e-05, 8e-06, 1.4999999999999999e-05, 4e-06, 4e-06, 1e-06, 2e-06, 1e-06, 0.0, 0.0, 0.0, 0.0, 0.0, 0.0], "Bkg_minasym": [0.0, 1.6519772539019236e-06, 3.704151814382905e-05, 0.00015917149850624027, 0.0003384226641972321, 0.0005043184081454113, 0.0006355458970469161, 0.0007229843550773871, 0.0007637719061490781, 0.0007623293344625722, 0.0007324076056102077, 0.000702858153322103, 0.0006375236162945452, 0.0005817053989408731, 0.0005111124554431487, 0.0004577373030424302, 0.00039707949035338355, 0.0003372127653633885, 0.0003008227312070137, 0.0002580574608876935, 0.0002207134680354035, 0.00018599867841819688, 0.00015375022103921002, 0.00012785373253790242, 0.00010763446164155351, 8.62518264818934e-05, 6.66142377172001e-05, 5.2188520852141056e-05, 4.157863877074279e-05, 3.138756782413655e-05, 2.3267285266224277e-05, 1.7101454670674843e-05, 1.2820274181689577e-05, 9.865328952879094e-06, 7.143056576730853e-06, 4.793060764842202e-06, 3.4668255046674173e-06, 2.6059359498171193e-06, 2.094055673960185e-06, 1.1168296927787652e-06], "TT_tN1_1500_1000_minasym": [0.0, 0.0, 0.0, 0.0, 0.0, 0.0, 0.0, 0.0, 2e-06, 3e-06, 1.4999999999999999e-05, 5.9e-05, 0.000221, 0.000566, 0.001167, 0.001373, 0.00135, 0.0011359999999999999, 0.001025, 0.000807, 0.000606, 0.000484, 0.000335, 0.00027400000000000005, 0.000177, 0.000134, 7e-05, 5.6999999999999996e-05, 4.9e-05, 3.1e-05, 1.9e-05, 9e-06, 9e-06, 9e-06, 5e-06, 6e-06, 2e-06, 0.0, 0.0, 0.0]}, "loss_plot": {"bins": [-7.0, -6.6, -6.2, -5.8, -5.4, -5.0, -4.6, -4.199999999999999, -3.8, -3.4, -3.0, -2.5999999999999996, -2.1999999999999993, -1.7999999999999998, -1.3999999999999995, -1.0, -0.5999999999999996, -0.1999999999999993, 0.20000000000000018, 0.6000000000000005, 1.0, 1.4000000000000004, 1.8000000000000007, 2.200000000000001, 2.6000000000000014, 3.0, 3.4000000000000004, 3.8000000000000007, 4.200000000000001, 4.600000000000001, 5.0, 5.4, 5.800000000000001, 6.200000000000001, 6.600000000000001, 7.0, 7.4, 7.800000000000001, 8.200000000000001, 8.600000000000001, 9.0, 9.400000000000002, 9.8, 10.2, 10.600000000000001, 11.0, 11.400000000000002, 11.8, 12.200000000000003, 12.600000000000001, 13.0],